{
  "handler": "Microsoft.Compute.MultiVm",
  "version": "0.1.2-preview",
  "parameters": {
    "basics": [
      {
        "name": "VMName",
        "type": "Microsoft.Common.TextBox",
        "label": "FortiAnalyzer virtual appliance name",
        "toolTip": "This will be used to name the FortiAnalyzer virtual appliances.",
        "defaultValue": "FortiAnalyzer",
        "constraints": {
          "required": true,
          "regex": "^[A-Za-z0-9]{1,15}$",
          "validationMessage": "Only alphanumeric characters are allowed, and the value must be 1 to 15 characters."
        }
      },
      {
        "name": "adminUsername",
        "type": "Microsoft.Compute.UserNameTextBox",
        "label": "FortiAnalyzer administrative username",
        "toolTip": "Admin username for the FortiAnalyzer virtual appliance. Must not be 'admin' nor 'root'.",
        "osPlatform": "Linux",
        "constraints": {
          "required": true
        }
      },
      {
        "name": "passwordElement",
        "type": "Microsoft.Common.PasswordBox",
        "label": {
          "password": "FortiAnalyzer password",
          "confirmPassword": "Confirm password"
        },
        "toolTip": "Administrative account password for FortiAnalyzer",
        "constraints": {
          "required": true,
          "regex": "^(?:(?=.*[a-z])(?:(?=.*[A-Z])(?=.*[\\d\\W])|(?=.*\\W)(?=.*\\d))|(?=.*\\W)(?=.*[A-Z])(?=.*\\d)).{12,72}$",
          "validationMessage": "The password must be between 12 and 72 characters long, and contain characters from at least 3 of the following groups: uppercase characters, lowercase characters, numbers, and special characters."
        },
        "options": {
          "hideConfirmation": false
        }
      }
    ],
    "steps": [
      {
        "name": "StorageNetworkConfig",
        "label": "Network and Storage Settings",
        "subLabel": {
          "preValidation": "Configure the network and storage options",
          "postValidation": "Done"
        },
        "bladeTitle": "Network and storage settings",
        "elements": [
          {
            "name": "virtualNetwork",
            "type": "Microsoft.Network.VirtualNetworkCombo",
            "label": {
              "virtualNetwork": "Virtual network",
              "subnets": "Subnet"
            },
            "toolTip": {
              "virtualNetwork": "Virtual network name",
              "subnets": "Subnet required for the FortiAnalyzer solution"
            },
            "defaultValue": {
              "name": "FortiAnalyzerVNet",
              "addressPrefixSize": "/16"
            },
            "constraints": {
              "minAddressPrefixSize": "/28"
            },
            "subnets": {
              "subnet1": {
                "label": "Subnet",
                "defaultValue": {
                  "name": "Subnet1",
                  "addressPrefixSize": "/24"
                },
                "constraints": {
                  "minAddressPrefixSize": "/29",
                  "minAddressCount": 1,
                  "requireContiguousAddresses": false
                }
              }
            }
          },
          {
            "name": "vmSize",
            "type": "Microsoft.Compute.SizeSelector",
            "label": "Virtual machine size",
            "toolTip": "The size of virtual machine to provision.",
            "recommendedSizes": [
              "Standard_D2_v2",
              "Standard_D3_v2",
              "Standard_D4_v2"
            ],
            "constraints": {
              "allowedSizes": [
                "Standard_A1",
                "Standard_A2",
                "Standard_A3",
                "Standard_A4",
                "Standard_D1",
                "Standard_D2",
                "Standard_D3",
                "Standard_D4",
                "Standard_D1_v2",
                "Standard_D2_v2",
                "Standard_D3_v2",
                "Standard_D4_v2"
              ]
            },
            "osPlatform": "Linux",
            "imageReference": {
              "publisher": "fortinet",
              "offer": "fortinet-fortianalyzer",
              "sku": "fortinet-fortianalyzer"
            },
            "count": "1"
          },
          {
            "name": "storageAccount",
            "type": "Microsoft.Storage.StorageAccountSelector",
            "label": "Storage account",
            "toolTip": "Storage Account for the disk drive of the Virtual FortiAnalyzer.",
            "defaultValue": {
              "type": "Standard_LRS"
            },
            "constraints": {
              "allowedTypes": [
                "Standard_LRS",
                "Standard_GRS"
              ]
            }
          }
        ]
      },
      {
        "name": "IPConfig",
        "label": "FortiAnalyzer IP address assignment",
        "subLabel": {
          "preValidation": "Configure Public IP Address",
          "postValidation": "Done"
        },
        "bladeTitle": "IP assignment",
        "elements": [
          {
            "name": "publicIpAddress",
            "type": "Microsoft.Network.PublicIpAddressCombo",
            "label": {
              "publicIpAddress": "First public IP address resource name",
              "domainNameLabel": ""
            },
            "toolTip": {
              "publicIpAddress": "Name of the public IP address object"
            },
            "defaultValue": {
              "publicIpAddressName": "FortiAnalyzer-PublicIP"
            },
            "constraints": {
              "required": {
                "domainNameLabel": false
              }
            },
            "options": {
              "hideNone": false,
              "hideDomainNameLabel": true
            }
          },
          {
            "name": "publicIPAddressTypeElement",
            "type": "Microsoft.Common.OptionsGroup",
            "label": "Public IP address type",
            "toolTip": "",
            "defaultValue": "Static",
            "constraints": {
              "allowedValues": [
                {
                  "label": "Static",
                  "value": "Static"
                },
                {
                  "label": "Dynamic",
                  "value": "Dynamic"
                }
              ]
            }
          }
        ]
      }
    ],
    "outputs": {
      "FortiAnalyzerName": "[basics('VMName')]",
      "adminUsername": "[basics('adminUsername')]",
      "adminPassword": "[basics('passwordElement')]",
      "instanceType": "[steps('StorageNetworkConfig').vmSize]",
      "publicIpAddressName": "[steps('IPConfig').publicIpAddress.name]",
      "publicIPAddressType": "[steps('IPConfig').publicIPAddressTypeElement]",
      "publicIPNewOrExistingOrNone": "[steps('IPConfig').publicIpAddress.newOrExistingOrNone]",
      "publicIpAddressResourceGroup": "[steps('IPConfig').publicIpAddress.resourceGroup]",
      "storageAccountName": "[steps('StorageNetworkConfig').storageAccount.name]",
      "storageAccountType": "[steps('StorageNetworkConfig').storageAccount.type]",
      "storageAccountNewOrExisting": "[steps('StorageNetworkConfig').storageAccount.newOrExisting]",
      "storageAccountResourceGroup": "[steps('StorageNetworkConfig').storageAccount.resourceGroup]",
      "location": "[location()]",
      "vnetNewOrExisting": "[steps('StorageNetworkConfig').virtualNetwork.newOrExisting]",
      "vnetName": "[steps('StorageNetworkConfig').virtualNetwork.name]",
      "vnetResourceGroup": "[steps('StorageNetworkConfig').virtualNetwork.resourceGroup]",
      "vnetAddressPrefix": "[steps('StorageNetworkConfig').virtualNetwork.addressPrefix]",
      "subnetName": "[steps('StorageNetworkConfig').virtualNetwork.subnets.subnet1.name]",
      "subnetPrefix": "[steps('StorageNetworkConfig').virtualNetwork.subnets.subnet1.addressPrefix]"
    }
  }
  }
