{
  "$schema": "https://schema.management.azure.com/schemas/2015-01-01/deploymentTemplate.json#",
  "contentVersion": "1.0.0.0",
  "parameters": {
    "location": {
      "type": "string",
      "metadata": {
        "description": "Location"
      }
    },
    "publicIPAddressResourceGroup": {
      "type": "string",
      "metadata": {
        "description": "Resource Group"
      }
    },
    "publicIPAddressName": {
      "type": "string",
      "metadata": {
        "description": "Public IP Address Name"
      }
    },
    "publicIPAddressType": {
      "type": "string",
      "metadata": {
        "description": "Public IP Address Type (e.g. Static or Dynamic)"
      }
    },
    "subnet1Ref": {
      "type": "string",
      "metadata": {
        "description": "subnet 1 reference ID"
      }
    },
    "network_NIC_fg11_Name": {
      "type": "string",
      "metadata": {
        "description": "NIC0 interface name"
      }
    },
    "FortinetTags": {
      "type": "object"
    }
  },
  "variables": {
    "publicIPID": "[resourceId(parameters('publicIPAddressResourceGroup'),'Microsoft.Network/publicIPAddresses',parameters('publicIPAddressName'))]",
    "NSGName": "[concat(parameters('publicIPAddressName'),uniqueString(resourceGroup().id),'-NSG')]",
    "apiVer": "2015-06-15"
  },
  "resources": [
    {
        "apiVersion": "[variables('apiVer')]",
        "tags": {
         "provider": "[toUpper(parameters('FortinetTags').provider)]"
        },
        "type": "Microsoft.Network/networkSecurityGroups",
        "name": "[variables('NSGName')]",
        "location": "[parameters('location')]",
        "properties": {
          "securityRules": [
            {
              "name": "AllowSSHInbound",
              "properties": {
                "description": "Allow SSH In",
                "protocol": "Tcp",
                "sourcePortRange": "*",
                "destinationPortRange": "22",
                "sourceAddressPrefix": "*",
                "destinationAddressPrefix": "*",
                "access": "Allow",
                "priority": 100,
                "direction": "Inbound"
              }
            },
            {
              "name": "AllowHTTPInbound",
              "properties": {
                "description": "Allow 80 In",
                "protocol": "Tcp",
                "sourcePortRange": "*",
                "destinationPortRange": "80",
                "sourceAddressPrefix": "*",
                "destinationAddressPrefix": "*",
                "access": "Allow",
                "priority": 110,
                "direction": "Inbound"
              }
            },
            {
              "name": "AllowHTTPSInbound",
              "properties": {
                "description": "Allow 443 In",
                "protocol": "Tcp",
                "sourcePortRange": "*",
                "destinationPortRange": "443",
                "sourceAddressPrefix": "*",
                "destinationAddressPrefix": "*",
                "access": "Allow",
                "priority": 120,
                "direction": "Inbound"
              }
            },
            {
              "name": "AllowDevRegInbound",
              "properties": {
                "description": "Allow 514 in for device registration",
                "protocol": "Tcp",
                "sourcePortRange": "*",
                "destinationPortRange": "514",
                "sourceAddressPrefix": "*",
                "destinationAddressPrefix": "*",
                "access": "Allow",
                "priority": 130,
                "direction": "Inbound"
              }
            },
            {
              "name": "AllowAllOutbound",
              "properties": {
                "description": "AllowOut",
                "protocol": "*",
                "sourcePortRange": "*",
                "destinationPortRange": "*",
                "sourceAddressPrefix": "*",
                "destinationAddressPrefix": "*",
                "access": "Allow",
                "priority": 105,
                "direction": "Outbound"
              }
            }
          ]
        }
      },
    {
      "apiVersion": "[variables('apiVer')]",
      "tags": {
       "provider": "[toUpper(parameters('FortinetTags').provider)]"
      },
      "type": "Microsoft.Network/networkInterfaces",
      "name": "[parameters('network_NIC_fg11_Name')]",
      "location": "[parameters('location')]",
      "dependsOn": [
          "[concat('Microsoft.Network/networkSecurityGroups/',variables('NSGName'))]"
        ],
      "properties": {
        "ipConfigurations": [
          {
            "name": "ipconfig1",
            "properties": {
              "privateIPAllocationMethod": "Dynamic",
              "subnet": {
                "id": "[parameters('subnet1Ref')]"
              },
              "publicIPAddress":{
                  "id": "[variables('publicIPID')]"
            }
            }
          }
        ],
        "networkSecurityGroup": {
          "id": "[resourceID('Microsoft.Network/networkSecurityGroups/',variables('NSGName'))]"
        }
      }
    }
  ],
    "outputs": {
    }
}
